{
  "average_metrics": {
    "command_precision": 0.0,
    "command_recall": 0.0,
    "command_f1": 0.0,
    "sequence_similarity": 8.508004658035015e-05,
    "exact_match": 0.0
  },
  "detailed_metrics": {
    "command_precision": [
      0.0,
      0.0,
      0.0,
      0.0,
      0.0
    ],
    "command_recall": [
      0.0,
      0.0,
      0.0,
      0.0,
      0.0
    ],
    "command_f1": [
      0.0,
      0.0,
      0.0,
      0.0,
      0.0
    ],
    "sequence_similarity": [
      1.8881046261710182e-05,
      0.0,
      0.00037244525830630517,
      3.407392833373544e-05,
      0.0
    ],
    "exact_match": [
      0.0,
      0.0,
      0.0,
      0.0,
      0.0
    ]
  }
}